{
  "summary": {
    "total_files": 25,
    "successful_predictions": 25,
    "failed_predictions": 0,
    "class_distribution": {
      "laughing": 25
    },
    "emotion_distribution": {
      "positive": 25
    },
    "average_confidence": 0.7644212520122529
  },
  "results": [
    {
      "audio_path": "data/laughing\\3S0D_12_8_0_16_0_0_0.wav",
      "predicted_class": "laughing",
      "confidence": 0.78558349609375,
      "emotion": "positive",
      "description": "顾客满意或享受体验时常会发出的正向反馈",
      "all_probabilities": {
        "laughing": 0.78558349609375,
        "sighing": 0.030689269304275513,
        "tongue_clicking": 0.01124557200819254,
        "throat_clearing": 0.03601787984371185,
        "teeth_grinding": 0.027951132506132126,
        "yawning": 0.06262706220149994,
        "lip_smacking": 0.0458855964243412
      }
    },
    {
      "audio_path": "data/laughing\\4NEJ_12_1_0_16_0_0_0.wav",
      "predicted_class": "laughing",
      "confidence": 0.7479159832000732,
      "emotion": "positive",
      "description": "顾客满意或享受体验时常会发出的正向反馈",
      "all_probabilities": {
        "laughing": 0.7479159832000732,
        "sighing": 0.02799692191183567,
        "tongue_clicking": 0.009262210689485073,
        "throat_clearing": 0.0469190888106823,
        "teeth_grinding": 0.05799870565533638,
        "yawning": 0.03171816095709801,
        "lip_smacking": 0.078188955783844
      }
    },
    {
      "audio_path": "data/laughing\\6HOK_12_3_0_27_0_0_0.wav",
      "predicted_class": "laughing",
      "confidence": 0.33687689900398254,
      "emotion": "positive",
      "description": "顾客满意或享受体验时常会发出的正向反馈",
      "all_probabilities": {
        "laughing": 0.33687689900398254,
        "sighing": 0.13586941361427307,
        "tongue_clicking": 0.018396059051156044,
        "throat_clearing": 0.1783311367034912,
        "teeth_grinding": 0.07181175798177719,
        "yawning": 0.1989906281232834,
        "lip_smacking": 0.05972412973642349
      }
    },
    {
      "audio_path": "data/laughing\\82GZ_12_7_0_36_0_0_0.wav",
      "predicted_class": "laughing",
      "confidence": 0.7580051422119141,
      "emotion": "positive",
      "description": "顾客满意或享受体验时常会发出的正向反馈",
      "all_probabilities": {
        "laughing": 0.7580051422119141,
        "sighing": 0.03268496319651604,
        "tongue_clicking": 0.016597386449575424,
        "throat_clearing": 0.0938124880194664,
        "teeth_grinding": 0.038726285099983215,
        "yawning": 0.02538553811609745,
        "lip_smacking": 0.03478815406560898
      }
    },
    {
      "audio_path": "data/laughing\\87LX_12_7_0_19_0_0_0.wav",
      "predicted_class": "laughing",
      "confidence": 0.7734935283660889,
      "emotion": "positive",
      "description": "顾客满意或享受体验时常会发出的正向反馈",
      "all_probabilities": {
        "laughing": 0.7734935283660889,
        "sighing": 0.040901780128479004,
        "tongue_clicking": 0.009914955124258995,
        "throat_clearing": 0.05261068418622017,
        "teeth_grinding": 0.03450728952884674,
        "yawning": 0.05909007415175438,
        "lip_smacking": 0.029481559991836548
      }
    },
    {
      "audio_path": "data/laughing\\BYYM_12_6_0_32_0_0_0.wav",
      "predicted_class": "laughing",
      "confidence": 0.785236656665802,
      "emotion": "positive",
      "description": "顾客满意或享受体验时常会发出的正向反馈",
      "all_probabilities": {
        "laughing": 0.785236656665802,
        "sighing": 0.011811062693595886,
        "tongue_clicking": 0.017804767936468124,
        "throat_clearing": 0.045692525804042816,
        "teeth_grinding": 0.04389070346951485,
        "yawning": 0.02555350959300995,
        "lip_smacking": 0.0700107291340828
      }
    },
    {
      "audio_path": "data/laughing\\CGFR_12_10_0_46_0_0_0.wav",
      "predicted_class": "laughing",
      "confidence": 0.8143470883369446,
      "emotion": "positive",
      "description": "顾客满意或享受体验时常会发出的正向反馈",
      "all_probabilities": {
        "laughing": 0.8143470883369446,
        "sighing": 0.014509609900414944,
        "tongue_clicking": 0.01241725031286478,
        "throat_clearing": 0.05170857906341553,
        "teeth_grinding": 0.043591778725385666,
        "yawning": 0.016726311296224594,
        "lip_smacking": 0.04669941961765289
      }
    },
    {
      "audio_path": "data/laughing\\D6RI_12_3_1_20_0_0_0.wav",
      "predicted_class": "laughing",
      "confidence": 0.6856634020805359,
      "emotion": "positive",
      "description": "顾客满意或享受体验时常会发出的正向反馈",
      "all_probabilities": {
        "laughing": 0.6856634020805359,
        "sighing": 0.03124198317527771,
        "tongue_clicking": 0.02901291288435459,
        "throat_clearing": 0.13106995820999146,
        "teeth_grinding": 0.047499652951955795,
        "yawning": 0.02027570642530918,
        "lip_smacking": 0.05523621663451195
      }
    },
    {
      "audio_path": "data/laughing\\GETF_12_5_1_39_0_0_0.wav",
      "predicted_class": "laughing",
      "confidence": 0.7494862675666809,
      "emotion": "positive",
      "description": "顾客满意或享受体验时常会发出的正向反馈",
      "all_probabilities": {
        "laughing": 0.7494862675666809,
        "sighing": 0.019767867401242256,
        "tongue_clicking": 0.017884593456983566,
        "throat_clearing": 0.11157858371734619,
        "teeth_grinding": 0.031222810968756676,
        "yawning": 0.029043003916740417,
        "lip_smacking": 0.041016798466444016
      }
    },
    {
      "audio_path": "data/laughing\\H68F_12_7_0_24_0_0_0.wav",
      "predicted_class": "laughing",
      "confidence": 0.8368799090385437,
      "emotion": "positive",
      "description": "顾客满意或享受体验时常会发出的正向反馈",
      "all_probabilities": {
        "laughing": 0.8368799090385437,
        "sighing": 0.034715887159109116,
        "tongue_clicking": 0.009815911762416363,
        "throat_clearing": 0.050661470741033554,
        "teeth_grinding": 0.01315788459032774,
        "yawning": 0.03667872026562691,
        "lip_smacking": 0.01809023879468441
      }
    },
    {
      "audio_path": "data/laughing\\I4S9_12_10_1_35_0_0_0.wav",
      "predicted_class": "laughing",
      "confidence": 0.7539294958114624,
      "emotion": "positive",
      "description": "顾客满意或享受体验时常会发出的正向反馈",
      "all_probabilities": {
        "laughing": 0.7539294958114624,
        "sighing": 0.02934255637228489,
        "tongue_clicking": 0.024658899754285812,
        "throat_clearing": 0.06478986144065857,
        "teeth_grinding": 0.03109063021838665,
        "yawning": 0.0504365898668766,
        "lip_smacking": 0.045752059668302536
      }
    },
    {
      "audio_path": "data/laughing\\I7I0_12_1_0_31_0_0_0.wav",
      "predicted_class": "laughing",
      "confidence": 0.8364483714103699,
      "emotion": "positive",
      "description": "顾客满意或享受体验时常会发出的正向反馈",
      "all_probabilities": {
        "laughing": 0.8364483714103699,
        "sighing": 0.017708593979477882,
        "tongue_clicking": 0.013532976619899273,
        "throat_clearing": 0.06049693003296852,
        "teeth_grinding": 0.022042248398065567,
        "yawning": 0.019043931737542152,
        "lip_smacking": 0.03072689287364483
      }
    },
    {
      "audio_path": "data/laughing\\KD21_12_1_1_26_0_0_0.wav",
      "predicted_class": "laughing",
      "confidence": 0.7548283338546753,
      "emotion": "positive",
      "description": "顾客满意或享受体验时常会发出的正向反馈",
      "all_probabilities": {
        "laughing": 0.7548283338546753,
        "sighing": 0.022992335259914398,
        "tongue_clicking": 0.016977066174149513,
        "throat_clearing": 0.10778387635946274,
        "teeth_grinding": 0.02933727204799652,
        "yawning": 0.03577139973640442,